0,4,-0.967,3,-0.567,5,1.57,6,1.57
0,2,1.048264128131498,1,3.844429486292513
1,5,-2.536499124231666
1,3,-1.622101715947812,4,-0.5058587685369578,6,1.674
1,4,-0.967,3,-0.567,5,1.57,6,1.57
1,2,0.9505958076006529,1,4.1841257287919085
0,5,-2.7785270462002165
0,4,-0.967,3,-0.567,5,1.57,6,1.57
0,2,0.6422852469140361,1,3.8216664647898084
1,5,-2.1077572215114992
1,3,-1.9040382199512456,4,-0.7100693224843668,6,1.674
1,4,-0.967,3,-0.567,5,1.57,6,1.57
1,2,0.9505958076006529,1,4.1841257287919085
0,5,-2.7785270462002165
0,4,-0.967,3,-0.567,5,1.57,6,1.57
0,2,1.167307104237639,1,3.622287676675853
1,5,-2.4334002907211474
1,3,-1.530148101865902,4,-0.44927251933891976,6,1.674
1,4,-0.967,3,-0.567,5,1.57,6,1.57
1,2,0.9505958076006529,1,4.1841257287919085
0,5,-2.7785270462002165
0,4,-0.967,3,-0.567,5,1.57,6,1.57
0,2,0.8033736446489206,1,3.5329457318661612
1,5,-1.980124886322737
1,3,-1.7994204966459493,4,-0.627475071640687,6,1.674
1,4,-0.967,3,-0.567,5,1.57,6,1.57
1,2,0.9505958076006529,1,4.1841257287919085
0,5,-2.7785270462002165
0,4,-0.967,3,-0.567,5,1.57,6,1.57
0,2,1.3148865933093767,1,3.410724089534172
1,5,-2.3694161926512036
1,3,-1.4129800379946782,4,-0.3819774696789313,6,1.674
1,4,-0.967,3,-0.567,5,1.57,6,1.57
1,2,0.9505958076006529,1,4.1841257287919085
0,5,-2.7785270462002165
0,4,-0.967,3,-0.567,5,1.57,6,1.57
0,2,0.46063536423178775,1,3.259551645227237
1,5,-1.36399251926668
1,3,-2.007090567987943,4,-0.803619174416591,6,1.674
1,4,-0.967,3,-0.567,5,1.57,6,1.57
1,2,0.9505958076006529,1,4.1841257287919085
0,5,-2.7785270462002165
0,4,-0.967,3,-0.567,5,1.57,6,1.57
0,2,0.9826995959699034,1,3.29638676469098
1,5,-1.922891870468539
1,3,-1.6713539691546697,4,-0.5377980877470651,6,1.674
1,4,-0.967,3,-0.567,5,1.57,6,1.57
1,2,0.9505958076006529,1,4.1841257287919085
0,5,-2.7785270462002165
0,4,-0.967,3,-0.567,5,1.57,6,1.57
0,2,1.4901452851962196,1,3.2075090278866787
1,5,-2.3414598228905534
1,3,-1.2719481618644615,4,-0.30674739404769136,6,1.674
1,4,-0.967,3,-0.567,5,1.57,6,1.57
1,2,0.9505958076006529,1,4.1841257287919085
0,5,-2.7785270462002165
0,4,-0.967,3,-0.567,5,1.57,6,1.57
0,2,0.6610891824193255,1,3.0543288543503975
1,5,-1.359223546577378
1,3,-1.8924154046824615,4,-0.7003701809880374,6,1.674
1,4,-0.967,3,-0.567,5,1.57,6,1.57
1,2,0.9505958076006529,1,4.1841257287919085
0,5,-2.7785270462002165
0,4,-0.967,3,-0.567,5,1.57,6,1.57
0,2,1.1786025648745322,1,3.090750607912644
1,5,-1.9131586825948315
1,3,-1.5212832711400595,4,-0.4440051830769013,6,1.674
1,4,-0.967,3,-0.567,5,1.57,6,1.57
1,2,0.9505958076006529,1,4.1841257287919085
0,5,-2.7785270462002165
0,4,-0.967,3,-0.567,5,1.57,6,1.57
0,2,0.8634489461535511,1,2.8920853269646116
1,5,-1.3993397829258178
1,3,-1.7577297220796764,4,-0.5970995843107466,6,1.674
1,4,-0.967,3,-0.567,5,1.57,6,1.57
1,2,0.9505958076006529,1,4.1841257287919085
0,5,-2.7785270462002165
0,4,-0.967,3,-0.567,5,1.57,6,1.57
0,2,0.6693905180907618,1,2.310768599482514
1,5,-0.6239646273809307
1,3,-1.887231923475846,4,-0.6960913816114291,6,1.674
1,4,-0.967,3,-0.567,5,1.57,6,1.57
1,2,0.9505958076006529,1,4.1841257287919085
0,5,-2.7785270462002165
0,4,-0.967,3,-0.567,5,1.57,6,1.57
0,2,1.0732647315740524,1,2.7458804805019477
1,5,-1.4629507218836553
1,3,-1.6030390348276362,4,-0.4938187096957223,6,1.674
1,4,-0.967,3,-0.567,5,1.57,6,1.57
1,2,0.9505958076006529,1,4.1841257287919085
0,5,-2.7785270462002165
0,4,-0.967,3,-0.567,5,1.57,6,1.57
0,2,0.8260929737936729,1,2.332056284137737
1,5,-0.801954767739065
1,3,-1.7838101350591098,4,-0.615953195856979,6,1.674
1,4,-0.967,3,-0.567,5,1.57,6,1.57
1,2,0.9505958076006529,1,4.1841257287919085
0,5,-2.7785270462002165
0,4,-0.967,3,-0.567,5,1.57,6,1.57
0,2,1.0024375362131437,1,2.308607049087117
1,5,-0.9548500951079157
1,3,-1.6566459323988383,4,-0.5281292965566597,6,1.674
1,4,-0.967,3,-0.567,5,1.57,6,1.57
1,2,0.9505958076006529,1,4.1841257287919085
0,5,-2.7785270462002165
0,4,-0.967,3,-0.567,5,1.57,6,1.57
0,2,1.19642485842285,1,2.2552879731411366
1,5,-1.0955183413716418
1,3,-1.5072548495146605,4,-0.435732102482394,6,1.674
1,4,-0.967,3,-0.567,5,1.57,6,1.57
1,2,0.9505958076006529,1,4.1841257287919085
0,5,-2.7785270462002165
0,4,-0.967,3,-0.567,5,1.57,6,1.57
0,2,1.0860112835552749,1,1.6739126847710781
1,5,-0.40372947813400817
1,3,-1.5932650000000002,4,-0.4877110000000001,6,1.674
1,4,-0.967,3,-0.567,5,1.57,6,1.57
1,2,0.9505958076006529,1,4.1841257287919085
0,5,-2.7785270462002165
0,4,-0.967,3,-0.567,5,1.57,6,1.57
0,2,1.2029872577735505,1,1.7370720105265622
1,5,-0.5838647781077677
1,3,-1.502077286796005,4,-0.43269766453334646,6,1.674
1,4,-0.967,3,-0.567,5,1.57,6,1.57
1,2,0.9505958076006529,1,4.1841257287919085
0,5,-2.7785270462002165
0,4,-0.967,3,-0.567,5,1.57,6,1.57
0,2,1.3489123851193376,1,1.7613538281647514
1,5,-0.7540717230917444
1,3,-1.3856650274651403,4,-0.36695479397910546,6,1.674
1,4,-0.967,3,-0.567,5,1.57,6,1.57
1,2,0.9505958076006529,1,4.1841257287919085
0,5,-2.7785270462002165
0,4,-0.967,3,-0.567,5,1.57,6,1.57
0,2,1.5232726549936735,1,1.7511182344521665
1,5,-0.9181963992534952
1,3,-1.2453276812796574,4,-0.2931510591687596,6,1.674
1,4,-0.967,3,-0.567,5,1.57,6,1.57
1,2,0.9505958076006529,1,4.1841257287919085
0,5,-2.7785270462002165
0,4,-0.967,3,-0.567,5,1.57,6,1.57
