0,4,-0.967,3,-0.567,5,6.387,6,5.297
0,2,5.209920575605533,1,0.36075069968902085
1,3,-1.658,4,-0.408,5,11.266966202711409,6,5.29
1,4,-0.967,3,-0.567,5,6.387,6,5.297
1,2,5.332589499578933,1,2.0990595783876778
0,5,11.222122574781048
0,4,-0.967,3,-0.567,5,6.387,6,5.297
0,2,5.341555495145107,1,1.6596522233791156
0,2,5.8225499429477985,1,6.09173000545615
1,3,-1.658,4,-0.408,5,6.148616264286545,6,5.29
1,4,-0.967,3,-0.567,5,6.387,6,5.297
1,2,5.332589499578933,1,2.0990595783876778
0,5,11.222122574781048
0,4,-0.967,3,-0.567,5,6.387,6,5.297
0,2,5.341555495145107,1,1.6596522233791156
